host,environment,seed,host_final,bca_final,final_difference,host_curve,bca_curve,curve_difference,reset_wins,reset_ties,host_run,bca_run,independently_reviewed
td3_bc,hopper,202609171,65.21573112431052,65.92755091333784,0.7118197890273166,57.14751565917319,55.6709296117757,-1.4765860473974897,11,0,td3_bc-hopper-host-s202609171,td3_bc-hopper-bca-noiw-s202609171,True
td3_bc,walker2d,202609171,77.24610280210653,82.89694028488609,5.650837482779551,73.79547048150498,71.57927386365782,-2.21619661784716,8,0,td3_bc-walker2d-host-s202609171,td3_bc-walker2d-bca-noiw-s202609171,True
cql,hopper,202609171,62.9825183354713,56.78996635188082,-6.1925519835904765,56.580337200899585,56.64610602603247,0.06576882513288496,7,0,cql-hopper-host-s202609171,cql-hopper-bca-noiw-s202609171,False
cql,walker2d,202609171,80.12873916060883,63.87791386367712,-16.25082529693171,78.57856605520762,77.85731986584283,-0.7212461893647912,11,0,cql-walker2d-host-s202609171,cql-walker2d-bca-noiw-s202609171,False
rebrac,hopper,202609171,102.0239558268894,102.11223938921974,0.08828356233033219,92.5215206643392,93.0327779647975,0.511257300458297,10,0,rebrac-hopper-host-s202609171,rebrac-hopper-bca-noiw-s202609171,True
rebrac,hopper,202609172,101.95621312672384,102.03803515476834,0.081822028044499,90.96823231685609,89.19722548279023,-1.771006834065858,10,0,rebrac-hopper-host-s202609172,rebrac-hopper-bca-noiw-s202609172,True
rebrac,hopper,202609173,102.60741028797558,102.35030242152882,-0.2571078664467592,88.83507406538051,92.86149119783612,4.026417132455606,5,0,rebrac-hopper-host-s202609173,rebrac-hopper-bca-noiw-s202609173,True
rebrac,walker2d,202609171,77.33077869703764,82.31128124884643,4.980502551808783,74.51697902126534,75.46193610721862,0.944957085953277,7,0,rebrac-walker2d-host-s202609171,rebrac-walker2d-bca-noiw-s202609171,True
rebrac,walker2d,202609172,87.80723353816163,84.81932735904917,-2.987906179112457,74.21588490979337,77.34648821080128,3.130603301007909,3,0,rebrac-walker2d-host-s202609172,rebrac-walker2d-bca-noiw-s202609172,True
rebrac,walker2d,202609173,45.28893218678208,78.92887211357038,33.6399399267883,73.37204950612531,75.04508216378517,1.67303265765986,13,0,rebrac-walker2d-host-s202609173,rebrac-walker2d-bca-noiw-s202609173,True
rebrac,halfcheetah,202609171,111.03729022048233,101.74426944925037,-9.293020771231966,96.18316266751819,96.38284188009995,0.19967921258175636,0,0,rebrac-halfcheetah-host-s202609171,rebrac-halfcheetah-bca-noiw-s202609171,False
rebrac,halfcheetah,202609172,101.232540151513,96.50047070436933,-4.732069447143672,96.06379738563264,94.50520646807792,-1.5585909175547243,2,0,rebrac-halfcheetah-host-s202609172,rebrac-halfcheetah-bca-noiw-s202609172,False
rebrac,halfcheetah,202609173,103.21197479297946,103.87546903171108,0.6634942387316158,94.9609707091982,95.27484285932209,0.313872150123899,13,0,rebrac-halfcheetah-host-s202609173,rebrac-halfcheetah-bca-noiw-s202609173,False
rebrac,maze2d,202609171,124.58378540162371,42.16394178607506,-82.41984361554866,111.31673463279583,88.62321822739347,-22.693516405402363,5,5,rebrac-maze2d-host-s202609171,rebrac-maze2d-bca-noiw-s202609171,False
rebrac,maze2d,202609172,64.66758950952148,157.88095327172738,93.2133637622059,110.79501664858391,93.39818175015898,-17.396834898424927,15,4,rebrac-maze2d-host-s202609172,rebrac-maze2d-bca-noiw-s202609172,False
rebrac,maze2d,202609173,12.102959332560143,12.02813423622283,-0.07482509633731382,103.62284410191177,72.1996707695761,-31.423173332335665,0,19,rebrac-maze2d-host-s202609173,rebrac-maze2d-bca-noiw-s202609173,False
rebrac,pen-human,202609171,70.5372086430742,60.08774212212053,-10.449466520953663,68.29282551366032,64.86792441761841,-3.424901096041907,11,0,rebrac-pen-human-host-s202609171,rebrac-pen-human-bca-noiw-s202609171,False
rebrac,pen-human,202609172,56.96478868987431,51.15223291312781,-5.8125557767465,69.68830737737933,74.3573370946818,4.669029717302465,8,0,rebrac-pen-human-host-s202609172,rebrac-pen-human-bca-noiw-s202609172,False
rebrac,pen-human,202609173,49.163336859004474,55.658413551913256,6.495076692908782,61.136872463788585,62.575282713101714,1.4384102493131294,12,0,rebrac-pen-human-host-s202609173,rebrac-pen-human-bca-noiw-s202609173,False
rebrac,pen-cloned,202609171,68.34143938047636,78.49137094237494,10.149931561898583,69.06065233638299,73.13203527984217,4.071382943459184,13,0,rebrac-pen-cloned-host-s202609171,rebrac-pen-cloned-bca-noiw-s202609171,False
rebrac,pen-cloned,202609172,81.55459269514782,70.20976468425896,-11.344828010888861,74.08054887831855,71.06825586885785,-3.0122930094607057,8,0,rebrac-pen-cloned-host-s202609172,rebrac-pen-cloned-bca-noiw-s202609172,False
rebrac,pen-cloned,202609173,68.45555074644797,71.36813426030992,2.9125835138619465,72.46419290591412,74.2131871558302,1.7489942499160804,12,0,rebrac-pen-cloned-host-s202609173,rebrac-pen-cloned-bca-noiw-s202609173,False
rebrac,pen-expert,202609171,135.26924063840303,151.8002503470559,16.531009708652874,124.57846586408996,131.28547058870708,6.707004724617121,10,0,rebrac-pen-expert-host-s202609171,rebrac-pen-expert-bca-noiw-s202609171,False
rebrac,pen-expert,202609172,146.91715395701056,148.91002229663698,1.9928683396264262,130.2592470848549,134.499214259675,4.239967174820094,10,0,rebrac-pen-expert-host-s202609172,rebrac-pen-expert-bca-noiw-s202609172,False
rebrac,pen-expert,202609173,148.4399800241983,142.66721196742415,-5.77276805677414,135.87227743787912,133.8910135502062,-1.9812638876729238,8,0,rebrac-pen-expert-host-s202609173,rebrac-pen-expert-bca-noiw-s202609173,False
iql,hopper,202609171,65.74522350677259,65.6252169368975,-0.12000656987508762,58.40248872401164,57.83791598597042,-0.5645727380412211,9,0,iql-hopper-bca-noiw-s202609171,iql-hopper-bca-noiw-s202609171,False
iql,hopper,202609172,64.80263014485931,60.233080995361775,-4.569549149497533,60.12899826993043,58.82738249670063,-1.3016157732297984,11,0,iql-hopper-bca-noiw-s202609172,iql-hopper-bca-noiw-s202609172,False
iql,hopper,202609173,64.36166147015902,61.61093387161016,-2.7507275985488633,59.24079941287615,57.93503403650022,-1.3057653763759305,9,0,iql-hopper-bca-noiw-s202609173,iql-hopper-bca-noiw-s202609173,False
iql,walker2d,202609171,79.76239551839379,83.85539891853607,4.09300340014228,76.23727789939993,77.66396037689483,1.4266824774949072,10,0,iql-walker2d-bca-noiw-s202609171,iql-walker2d-bca-noiw-s202609171,False
iql,walker2d,202609172,80.00791138360314,74.39057894090499,-5.617332442698157,73.02666258510453,74.46481227305345,1.438149687948922,9,0,iql-walker2d-bca-noiw-s202609172,iql-walker2d-bca-noiw-s202609172,False
iql,walker2d,202609173,79.37187629692394,85.4467236437901,6.07484734686615,75.90429153130255,74.09976475680564,-1.8045267744969067,11,0,iql-walker2d-bca-noiw-s202609173,iql-walker2d-bca-noiw-s202609173,False
iql,halfcheetah,202609171,93.48063060505459,88.26568945401031,-5.214941151044272,83.05973538485225,81.87385738757683,-1.185877997275412,11,0,iql-halfcheetah-bca-noiw-s202609171,iql-halfcheetah-bca-noiw-s202609171,False
iql,halfcheetah,202609172,87.65551367792081,92.78702226145995,5.131508583539144,82.75462005749479,80.72517299993437,-2.029447057560418,13,0,iql-halfcheetah-bca-noiw-s202609172,iql-halfcheetah-bca-noiw-s202609172,False
iql,halfcheetah,202609173,94.035756271202,91.32652617238824,-2.7092300988137623,81.30774666199792,77.95545199366033,-3.352294668337592,5,0,iql-halfcheetah-bca-noiw-s202609173,iql-halfcheetah-bca-noiw-s202609173,False
iql,maze2d,202609171,71.19607916495193,61.674585656029045,-9.52149350892288,59.747839425343265,56.115080998166796,-3.6327584271764692,4,0,iql-maze2d-bca-noiw-s202609171,iql-maze2d-bca-noiw-s202609171,False
iql,maze2d,202609172,61.842942122787996,65.77125968049684,3.9283175577088443,57.0747128586928,55.93550076695724,-1.1392120917355584,14,0,iql-maze2d-bca-noiw-s202609172,iql-maze2d-bca-noiw-s202609172,False
iql,maze2d,202609173,45.082120543230204,62.628605634329745,17.54648509109954,43.0225597665457,49.57536757828575,6.552807811740053,19,0,iql-maze2d-bca-noiw-s202609173,iql-maze2d-bca-noiw-s202609173,False
iql,pen-human,202609171,71.72638267268441,69.89674490416573,-1.8296377685186798,68.43708762094926,69.4807554525666,1.0436678316173413,12,0,iql-pen-human-bca-noiw-s202609171,iql-pen-human-bca-noiw-s202609171,False
iql,pen-human,202609172,69.80595318277359,67.3319944996923,-2.4739586830812925,70.42966859134317,70.0539373182351,-0.3757312731080731,10,0,iql-pen-human-bca-noiw-s202609172,iql-pen-human-bca-noiw-s202609172,False
iql,pen-human,202609173,74.98184867559601,67.29713241711939,-7.684716258476627,70.4516217133994,64.68952474493284,-5.762096968466565,8,0,iql-pen-human-bca-noiw-s202609173,iql-pen-human-bca-noiw-s202609173,False
iql,pen-cloned,202609171,81.99334061070165,79.62780999138457,-2.3655306193170844,75.79254818890436,76.00219719064303,0.20964900173866852,10,0,iql-pen-cloned-bca-noiw-s202609171,iql-pen-cloned-bca-noiw-s202609171,False
iql,pen-cloned,202609172,76.10446135119301,81.24162689714368,5.1371655459506655,72.55253692355161,78.61785940665388,6.065322483102264,12,0,iql-pen-cloned-bca-noiw-s202609172,iql-pen-cloned-bca-noiw-s202609172,False
iql,pen-cloned,202609173,77.36488555978909,85.95622578666656,8.591340226877477,74.7608120874676,79.74396437425449,4.98315228678689,13,0,iql-pen-cloned-bca-noiw-s202609173,iql-pen-cloned-bca-noiw-s202609173,False
iql,pen-expert,202609171,136.61357304287478,137.66242619453044,1.0488531516556634,130.59070016136735,132.94512211054774,2.3544219491803915,10,0,iql-pen-expert-bca-noiw-s202609171,iql-pen-expert-bca-noiw-s202609171,False
iql,pen-expert,202609172,139.77911331313157,143.43224455265963,3.653131239528051,127.88165576428301,131.7434617076227,3.8618059433397036,11,0,iql-pen-expert-bca-noiw-s202609172,iql-pen-expert-bca-noiw-s202609172,False
iql,pen-expert,202609173,139.3944976219831,140.5343506992827,1.1398530772995912,129.3879521316176,131.97739281060063,2.5894406789830384,17,0,iql-pen-expert-bca-noiw-s202609173,iql-pen-expert-bca-noiw-s202609173,False
