host,dataset,seed,host_final,bca_final,delta,host_curve,bca_curve,pairing,full_training_audit
rebrac,hopper,202609171,102.0239558268894,102.11223938921974,0.08828356233033219,92.5215206643392,93.03277796479749,separate_matched_training_runs,True
iql,hopper,202609171,65.74522350677259,65.6252169368975,-0.12000656987508762,58.40248872401164,57.83791598597042,shared_QV_primary,False
rebrac,walker2d,202609171,77.33077869703764,82.31128124884643,4.980502551808783,74.51697902126534,75.46193610721863,separate_matched_training_runs,True
iql,walker2d,202609171,79.76239551839379,83.85539891853607,4.09300340014228,76.23727789939994,77.66396037689483,shared_QV_primary,False
rebrac,halfcheetah,202609171,111.03729022048233,101.74426944925037,-9.293020771231966,96.1831626675182,96.38284188009996,separate_matched_training_runs,False
iql,halfcheetah,202609171,93.48063060505459,88.26568945401031,-5.214941151044272,83.05973538485226,81.87385738757682,shared_QV_primary,False
rebrac,maze2d,202609171,124.58378540162371,42.16394178607506,-82.41984361554866,111.31673463279583,88.62321822739345,separate_matched_training_runs,False
iql,maze2d,202609171,71.19607916495193,61.674585656029045,-9.52149350892288,59.74783942534326,56.11508099816678,shared_QV_primary,False
rebrac,pen-human,202609171,70.5372086430742,60.08774212212053,-10.449466520953663,68.29282551366032,64.86792441761841,separate_matched_training_runs,False
iql,pen-human,202609171,71.72638267268441,69.89674490416573,-1.8296377685186798,68.43708762094926,69.4807554525666,shared_QV_primary,False
rebrac,pen-cloned,202609171,68.34143938047636,78.49137094237494,10.149931561898583,69.06065233638299,73.13203527984217,separate_matched_training_runs,False
iql,pen-cloned,202609171,81.99334061070165,79.62780999138457,-2.3655306193170844,75.79254818890436,76.00219719064303,shared_QV_primary,False
rebrac,pen-expert,202609171,135.26924063840303,151.8002503470559,16.531009708652874,124.57846586408995,131.28547058870708,separate_matched_training_runs,False
iql,pen-expert,202609171,136.61357304287478,137.66242619453044,1.0488531516556634,130.59070016136735,132.94512211054774,shared_QV_primary,False
rebrac,hopper,202609172,101.95621312672384,102.03803515476834,0.081822028044499,90.96823231685609,89.19722548279023,separate_matched_training_runs,True
iql,hopper,202609172,64.80263014485931,60.233080995361775,-4.569549149497533,60.12899826993043,58.82738249670063,shared_QV_primary,False
rebrac,walker2d,202609172,87.80723353816163,84.81932735904917,-2.987906179112457,74.21588490979337,77.34648821080127,separate_matched_training_runs,False
iql,walker2d,202609172,80.00791138360314,74.39057894090499,-5.617332442698157,73.02666258510453,74.46481227305347,shared_QV_primary,False
rebrac,halfcheetah,202609172,101.232540151513,96.50047070436933,-4.732069447143672,96.06379738563265,94.5052064680779,separate_matched_training_runs,False
iql,halfcheetah,202609172,87.65551367792081,92.78702226145995,5.131508583539144,82.75462005749479,80.72517299993439,shared_QV_primary,False
rebrac,maze2d,202609172,64.66758950952148,157.88095327172738,93.2133637622059,110.79501664858392,93.398181750159,separate_matched_training_runs,False
iql,maze2d,202609172,61.842942122787996,65.77125968049684,3.9283175577088443,57.074712858692806,55.93550076695723,shared_QV_primary,False
rebrac,pen-human,202609172,56.96478868987431,51.15223291312781,-5.8125557767465,69.68830737737933,74.3573370946818,separate_matched_training_runs,False
iql,pen-human,202609172,69.80595318277359,67.3319944996923,-2.4739586830812925,70.42966859134319,70.0539373182351,shared_QV_primary,False
rebrac,pen-cloned,202609172,81.55459269514782,70.20976468425896,-11.344828010888861,74.08054887831855,71.06825586885785,separate_matched_training_runs,False
iql,pen-cloned,202609172,76.10446135119301,81.24162689714368,5.1371655459506655,72.55253692355161,78.61785940665388,shared_QV_primary,False
rebrac,pen-expert,202609172,146.91715395701056,148.91002229663698,1.9928683396264262,130.2592470848549,134.499214259675,separate_matched_training_runs,False
iql,pen-expert,202609172,139.77911331313157,143.43224455265963,3.653131239528051,127.88165576428301,131.7434617076227,shared_QV_primary,False
