panel,series,x,y,lower,upper,kind,note
0,Seed 0,0.0,1.0,,,line,
0,Seed 0,0.05,1.05,,,line,
0,Seed 0,0.15,1.15,,,line,
0,Seed 0,0.3,1.3,,,line,
1,Seed 0,0.0,0.02,,,line,
1,Seed 0,0.05,0.05,,,line,
1,Seed 0,0.15,0.11,,,line,
1,Seed 0,0.3,0.19999999999999998,,,line,
0,Seed 1,0.0,1.0,,,line,
0,Seed 1,0.05,1.1,,,line,
0,Seed 1,0.15,1.3,,,line,
0,Seed 1,0.3,1.6,,,line,
1,Seed 1,0.0,0.02,,,line,
1,Seed 1,0.05,0.05499999999999999,,,line,
1,Seed 1,0.15,0.125,,,line,
1,Seed 1,0.3,0.22999999999999998,,,line,
0,Seed 2,0.0,1.0,,,line,
0,Seed 2,0.05,1.15,,,line,
0,Seed 2,0.15,1.45,,,line,
0,Seed 2,0.3,1.9,,,line,
1,Seed 2,0.0,0.02,,,line,
1,Seed 2,0.05,0.06000000000000001,,,line,
1,Seed 2,0.15,0.13999999999999999,,,line,
1,Seed 2,0.3,0.26,,,line,
0,Seed 3,0.0,1.0,,,line,
0,Seed 3,0.05,1.2,,,line,
0,Seed 3,0.15,1.6,,,line,
0,Seed 3,0.3,2.2,,,line,
1,Seed 3,0.0,0.02,,,line,
1,Seed 3,0.05,0.065,,,line,
1,Seed 3,0.15,0.155,,,line,
1,Seed 3,0.3,0.29000000000000004,,,line,
0,Seed 4,0.0,1.0,,,line,
0,Seed 4,0.05,1.25,,,line,
0,Seed 4,0.15,1.75,,,line,
0,Seed 4,0.3,2.5,,,line,
1,Seed 4,0.0,0.02,,,line,
1,Seed 4,0.05,0.07,,,line,
1,Seed 4,0.15,0.16999999999999998,,,line,
1,Seed 4,0.3,0.32,,,line,
