tag,env,domain,published_mean,published_std,has_config,num_critics,eta,beta,iql_tau,iql_deterministic,actor_dropout,normalize,normalize_reward,reward_scale,reward_bias,batch_size,actor_bc_coef,critic_bc_coef,policy_freq,actor_learning_rate,critic_learning_rate,gamma,tau,cql_alpha,cql_lagrange,cql_target_action_gap,cql_max_target_backup,orthogonal_init,q_n_hidden_layers,alpha,awac_lambda,policy_lr,qf_lr,vf_lr,actor_lr,learning_rate,frac,max_timesteps,num_epochs,num_updates_on_epoch
corl_bc,hopper-medium-v2,mujoco,53.51,1.76,yes,,,,,,,true,,,,256,,,,,,,,,,,,,,,,,,,,,1.0,1000000,,
corl_bc,halfcheetah-medium-expert-v2,mujoco,55.95,7.35,yes,,,,,,,true,,,,256,,,,,,,,,,,,,,,,,,,,,1.0,1000000,,
corl_bc,walker2d-medium-replay-v2,mujoco,21.8,10.15,yes,,,,,,,true,,,,256,,,,,,,,,,,,,,,,,,,,,1.0,1000000,,
corl_bc,pen-human-v1,adroit,71.03,6.26,yes,,,,,,,true,,,,256,,,,,,,,,,,,,,,,,,,,,1.0,1000000,,
corl_bc,pen-cloned-v1,adroit,51.92,15.15,yes,,,,,,,true,,,,256,,,,,,,,,,,,,,,,,,,,,1.0,1000000,,
corl_bc,pen-expert-v1,adroit,109.65,7.28,yes,,,,,,,true,,,,256,,,,,,,,,,,,,,,,,,,,,1.0,1000000,,
corl_bc,maze2d-large-v1,maze2d,2.26,4.39,yes,,,,,,,true,,,,256,,,,,,,,,,,,,,,,,,,,,1.0,1000000,,
corl_bc,antmaze-umaze-v2,antmaze,55.25,4.15,yes,,,,,,,true,,,,256,,,,,,,,,,,,,,,,,,,,,1.0,1000000,,
corl_bc,antmaze-medium-play-v2,antmaze,0.0,0.0,yes,,,,,,,true,,,,256,,,,,,,,,,,,,,,,,,,,,1.0,1000000,,
corl_bc,antmaze-large-diverse-v2,antmaze,0.0,0.0,yes,,,,,,,true,,,,256,,,,,,,,,,,,,,,,,,,,,1.0,1000000,,
corl_bc,door-expert-v1,adroit,105.35,0.09,yes,,,,,,,true,,,,256,,,,,,,,,,,,,,,,,,,,,1.0,1000000,,
corl_bc,hammer-cloned-v1,adroit,0.55,0.16,yes,,,,,,,true,,,,256,,,,,,,,,,,,,,,,,,,,,1.0,1000000,,
corl_bc,hammer-expert-v1,adroit,126.78,0.64,yes,,,,,,,true,,,,256,,,,,,,,,,,,,,,,,,,,,1.0,1000000,,
corl_bc,halfcheetah-medium-v2,mujoco,42.4,0.19,yes,,,,,,,true,,,,256,,,,,,,,,,,,,,,,,,,,,1.0,1000000,,
corl_bc,walker2d-medium-v2,mujoco,63.23,16.24,yes,,,,,,,true,,,,256,,,,,,,,,,,,,,,,,,,,,1.0,1000000,,
corl_bc,halfcheetah-medium-replay-v2,mujoco,35.66,2.33,yes,,,,,,,true,,,,256,,,,,,,,,,,,,,,,,,,,,1.0,1000000,,
corl_bc,hopper-medium-replay-v2,mujoco,29.81,2.07,yes,,,,,,,true,,,,256,,,,,,,,,,,,,,,,,,,,,1.0,1000000,,
corl_bc,hopper-medium-expert-v2,mujoco,52.3,4.01,yes,,,,,,,true,,,,256,,,,,,,,,,,,,,,,,,,,,1.0,1000000,,
corl_bc,walker2d-medium-expert-v2,mujoco,98.96,15.98,yes,,,,,,,true,,,,256,,,,,,,,,,,,,,,,,,,,,1.0,1000000,,
corl_bc,antmaze-umaze-diverse-v2,antmaze,47.25,4.09,yes,,,,,,,true,,,,256,,,,,,,,,,,,,,,,,,,,,1.0,1000000,,
corl_bc,antmaze-medium-diverse-v2,antmaze,0.75,0.83,yes,,,,,,,true,,,,256,,,,,,,,,,,,,,,,,,,,,1.0,1000000,,
corl_bc,antmaze-large-play-v2,antmaze,0.0,0.0,yes,,,,,,,true,,,,256,,,,,,,,,,,,,,,,,,,,,1.0,1000000,,
corl_bc,door-human-v1,adroit,2.34,4.0,yes,,,,,,,true,,,,256,,,,,,,,,,,,,,,,,,,,,1.0,1000000,,
corl_bc,door-cloned-v1,adroit,-0.09,0.03,yes,,,,,,,true,,,,256,,,,,,,,,,,,,,,,,,,,,1.0,1000000,,
corl_bc,hammer-human-v1,adroit,3.03,3.39,yes,,,,,,,true,,,,256,,,,,,,,,,,,,,,,,,,,,1.0,1000000,,
corl_bc,relocate-human-v1,adroit,0.04,0.03,yes,,,,,,,true,,,,256,,,,,,,,,,,,,,,,,,,,,1.0,1000000,,
corl_bc,relocate-cloned-v1,adroit,-0.06,0.01,yes,,,,,,,true,,,,256,,,,,,,,,,,,,,,,,,,,,1.0,1000000,,
corl_bc_10,hopper-medium-v2,mujoco,55.48,7.3,yes,,,,,,,true,,,,256,,,,,,,,,,,,,,,,,,,,,0.1,1000000,,
corl_bc_10,halfcheetah-medium-expert-v2,mujoco,90.1,2.45,yes,,,,,,,true,,,,256,,,,,,,,,,,,,,,,,,,,,0.1,1000000,,
corl_bc_10,walker2d-medium-replay-v2,mujoco,54.35,6.34,yes,,,,,,,true,,,,256,,,,,,,,,,,,,,,,,,,,,0.1,1000000,,
corl_bc_10,pen-human-v1,adroit,26.99,9.6,yes,,,,,,,true,,,,256,,,,,,,,,,,,,,,,,,,,,0.1,1000000,,
corl_bc_10,pen-cloned-v1,adroit,46.67,14.25,yes,,,,,,,true,,,,256,,,,,,,,,,,,,,,,,,,,,0.1,1000000,,
corl_bc_10,pen-expert-v1,adroit,114.96,2.96,yes,,,,,,,true,,,,256,,,,,,,,,,,,,,,,,,,,,0.1,1000000,,
corl_bc_10,maze2d-large-v1,maze2d,11.32,5.1,yes,,,,,,,true,,,,256,,,,,,,,,,,,,,,,,,,,,0.1,1000000,,
corl_bc_10,antmaze-umaze-v2,antmaze,65.75,5.26,yes,,,,,,,true,,,,256,,,,,,,,,,,,,,,,,,,,,0.1,1000000,,
corl_bc_10,antmaze-medium-play-v2,antmaze,2.0,0.71,yes,,,,,,,true,,,,256,,,,,,,,,,,,,,,,,,,,,0.1,1000000,,
corl_bc_10,antmaze-large-diverse-v2,antmaze,0.75,0.83,yes,,,,,,,true,,,,256,,,,,,,,,,,,,,,,,,,,,0.1,1000000,,
corl_bc_10,door-expert-v1,adroit,104.04,1.46,yes,,,,,,,true,,,,256,,,,,,,,,,,,,,,,,,,,,0.1,1000000,,
corl_bc_10,hammer-cloned-v1,adroit,0.12,0.08,yes,,,,,,,true,,,,256,,,,,,,,,,,,,,,,,,,,,0.1,1000000,,
corl_bc_10,hammer-expert-v1,adroit,121.75,7.67,yes,,,,,,,true,,,,256,,,,,,,,,,,,,,,,,,,,,0.1,1000000,,
corl_bc_10,halfcheetah-medium-v2,mujoco,42.46,0.7,yes,,,,,,,true,,,,256,,,,,,,,,,,,,,,,,,,,,0.1,1000000,,
corl_bc_10,walker2d-medium-v2,mujoco,67.34,5.17,yes,,,,,,,true,,,,256,,,,,,,,,,,,,,,,,,,,,0.1,1000000,,
corl_bc_10,halfcheetah-medium-replay-v2,mujoco,23.59,6.95,yes,,,,,,,true,,,,256,,,,,,,,,,,,,,,,,,,,,0.1,1000000,,
corl_bc_10,hopper-medium-replay-v2,mujoco,70.42,8.66,yes,,,,,,,true,,,,256,,,,,,,,,,,,,,,,,,,,,0.1,1000000,,
corl_bc_10,hopper-medium-expert-v2,mujoco,111.16,1.03,yes,,,,,,,true,,,,256,,,,,,,,,,,,,,,,,,,,,0.1,1000000,,
corl_bc_10,walker2d-medium-expert-v2,mujoco,108.7,0.25,yes,,,,,,,true,,,,256,,,,,,,,,,,,,,,,,,,,,0.1,1000000,,
corl_bc_10,antmaze-umaze-diverse-v2,antmaze,44.0,1.0,yes,,,,,,,true,,,,256,,,,,,,,,,,,,,,,,,,,,0.1,1000000,,
corl_bc_10,antmaze-medium-diverse-v2,antmaze,5.75,9.39,yes,,,,,,,true,,,,256,,,,,,,,,,,,,,,,,,,,,0.1,1000000,,
corl_bc_10,antmaze-large-play-v2,antmaze,0.0,0.0,yes,,,,,,,true,,,,256,,,,,,,,,,,,,,,,,,,,,0.1,1000000,,
corl_bc_10,door-human-v1,adroit,-0.13,0.07,yes,,,,,,,true,,,,256,,,,,,,,,,,,,,,,,,,,,0.1,1000000,,
corl_bc_10,door-cloned-v1,adroit,0.29,0.59,yes,,,,,,,true,,,,256,,,,,,,,,,,,,,,,,,,,,0.1,1000000,,
corl_bc_10,hammer-human-v1,adroit,-0.19,0.02,yes,,,,,,,true,,,,256,,,,,,,,,,,,,,,,,,,,,0.1,1000000,,
corl_bc_10,relocate-human-v1,adroit,-0.14,0.08,yes,,,,,,,true,,,,256,,,,,,,,,,,,,,,,,,,,,0.1,1000000,,
corl_bc_10,relocate-cloned-v1,adroit,-0.0,0.02,yes,,,,,,,true,,,,256,,,,,,,,,,,,,,,,,,,,,0.1,1000000,,
corl_td3_bc,hopper-medium-v2,mujoco,60.37,3.49,yes,,,,,,,true,false,,,256,,,2,,,,0.005,,,,,,,2.5,,,,,,,,1000000,,
corl_td3_bc,halfcheetah-medium-expert-v2,mujoco,90.78,6.04,yes,,,,,,,true,false,,,256,,,2,,,,0.005,,,,,,,2.5,,,,,,,,1000000,,
corl_td3_bc,walker2d-medium-replay-v2,mujoco,85.62,4.01,yes,,,,,,,true,false,,,256,,,2,,,,0.005,,,,,,,2.5,,,,,,,,1000000,,
corl_td3_bc,pen-human-v1,adroit,-3.88,0.21,yes,,,,,,,true,false,,,256,,,2,,,,0.005,,,,,,,2.5,,,,,,,,1000000,,
corl_td3_bc,pen-cloned-v1,adroit,5.13,5.28,yes,,,,,,,true,false,,,256,,,2,,,,0.005,,,,,,,2.5,,,,,,,,1000000,,
corl_td3_bc,pen-expert-v1,adroit,122.53,21.27,yes,,,,,,,true,false,,,256,,,2,,,,0.005,,,,,,,2.5,,,,,,,,1000000,,
corl_td3_bc,maze2d-large-v1,maze2d,97.1,25.41,yes,,,,,,,true,false,,,256,,,2,,,,0.005,,,,,,,2.5,,,,,,,,1000000,,
corl_td3_bc,antmaze-umaze-v2,antmaze,70.75,39.18,yes,,,,,,,true,true,,,256,,,2,,,,0.005,,,,,,,2.5,,,,,,,,1000000,,
corl_td3_bc,antmaze-medium-play-v2,antmaze,0.25,0.43,yes,,,,,,,true,true,,,256,,,2,,,,0.005,,,,,,,2.5,,,,,,,,1000000,,
corl_td3_bc,antmaze-large-diverse-v2,antmaze,0.0,0.0,yes,,,,,,,true,true,,,256,,,2,,,,0.005,,,,,,,2.5,,,,,,,,1000000,,
corl_td3_bc,door-expert-v1,adroit,-0.33,0.01,yes,,,,,,,true,false,,,256,,,2,,,,0.005,,,,,,,2.5,,,,,,,,1000000,,
corl_td3_bc,hammer-cloned-v1,adroit,0.25,0.01,yes,,,,,,,true,false,,,256,,,2,,,,0.005,,,,,,,2.5,,,,,,,,1000000,,
corl_td3_bc,hammer-expert-v1,adroit,3.11,0.03,yes,,,,,,,true,false,,,256,,,2,,,,0.005,,,,,,,2.5,,,,,,,,1000000,,
corl_td3_bc,halfcheetah-medium-v2,mujoco,48.1,0.18,yes,,,,,,,true,false,,,256,,,2,,,,0.005,,,,,,,2.5,,,,,,,,1000000,,
corl_td3_bc,walker2d-medium-v2,mujoco,82.71,4.78,yes,,,,,,,true,false,,,256,,,2,,,,0.005,,,,,,,2.5,,,,,,,,1000000,,
corl_td3_bc,halfcheetah-medium-replay-v2,mujoco,44.84,0.59,yes,,,,,,,true,false,,,256,,,2,,,,0.005,,,,,,,2.5,,,,,,,,1000000,,
corl_td3_bc,hopper-medium-replay-v2,mujoco,64.42,21.52,yes,,,,,,,true,false,,,256,,,2,,,,0.005,,,,,,,2.5,,,,,,,,1000000,,
corl_td3_bc,hopper-medium-expert-v2,mujoco,101.17,9.07,yes,,,,,,,true,false,,,256,,,2,,,,0.005,,,,,,,2.5,,,,,,,,1000000,,
corl_td3_bc,walker2d-medium-expert-v2,mujoco,110.03,0.36,yes,,,,,,,true,false,,,256,,,2,,,,0.005,,,,,,,2.5,,,,,,,,1000000,,
corl_td3_bc,antmaze-umaze-diverse-v2,antmaze,44.75,11.61,yes,,,,,,,true,true,,,256,,,2,,,,0.005,,,,,,,2.5,,,,,,,,1000000,,
corl_td3_bc,antmaze-medium-diverse-v2,antmaze,0.25,0.43,yes,,,,,,,true,true,,,256,,,2,,,,0.005,,,,,,,2.5,,,,,,,,1000000,,
corl_td3_bc,antmaze-large-play-v2,antmaze,0.0,0.0,yes,,,,,,,true,true,,,256,,,2,,,,0.005,,,,,,,2.5,,,,,,,,1000000,,
corl_td3_bc,door-human-v1,adroit,-0.33,0.01,yes,,,,,,,true,false,,,256,,,2,,,,0.005,,,,,,,2.5,,,,,,,,1000000,,
corl_td3_bc,door-cloned-v1,adroit,-0.34,0.01,yes,,,,,,,true,false,,,256,,,2,,,,0.005,,,,,,,2.5,,,,,,,,1000000,,
corl_td3_bc,hammer-human-v1,adroit,1.02,0.24,yes,,,,,,,true,false,,,256,,,2,,,,0.005,,,,,,,2.5,,,,,,,,1000000,,
corl_td3_bc,relocate-human-v1,adroit,-0.29,0.01,yes,,,,,,,true,false,,,256,,,2,,,,0.005,,,,,,,2.5,,,,,,,,1000000,,
corl_td3_bc,relocate-cloned-v1,adroit,-0.3,0.01,yes,,,,,,,true,false,,,256,,,2,,,,0.005,,,,,,,2.5,,,,,,,,1000000,,
corl_awac,hopper-medium-v2,mujoco,63.02,4.56,yes,,,,,,,,,,,256,,,,,,0.99,0.005,,,,,,,,0.3333,,,,,0.0003,,,,
corl_awac,halfcheetah-medium-expert-v2,mujoco,95.0,0.61,yes,,,,,,,,,,,256,,,,,,0.99,0.005,,,,,,,,0.3333,,,,,0.0003,,,,
corl_awac,walker2d-medium-replay-v2,mujoco,80.62,3.58,yes,,,,,,,,,,,256,,,,,,0.99,0.005,,,,,,,,0.3333,,,,,0.0003,,,,
corl_awac,pen-human-v1,adroit,76.65,11.71,yes,,,,,,,,,,,256,,,,,,0.99,0.005,,,,,,,,0.1,,,,,0.0003,,,,
corl_awac,pen-cloned-v1,adroit,85.72,16.92,yes,,,,,,,,,,,256,,,,,,0.99,0.005,,,,,,,,0.1,,,,,0.0003,,,,
corl_awac,pen-expert-v1,adroit,159.91,1.87,yes,,,,,,,,,,,256,,,,,,0.99,0.005,,,,,,,,0.1,,,,,0.0003,,,,
corl_awac,maze2d-large-v1,maze2d,215.5,3.11,yes,,,,,,,,,,,256,,,,,,0.99,0.005,,,,,,,,0.1,,,,,0.0003,,,,
corl_awac,antmaze-umaze-v2,antmaze,56.75,9.09,yes,,,,,,,,true,,,256,,,,,,0.99,0.005,,,,,,,,0.1,,,,,0.0003,,,,
corl_awac,antmaze-medium-play-v2,antmaze,0.0,0.0,yes,,,,,,,,true,,,256,,,,,,0.99,0.005,,,,,,,,0.1,,,,,0.0003,,,,
corl_awac,antmaze-large-diverse-v2,antmaze,0.0,0.0,yes,,,,,,,,true,,,256,,,,,,0.99,0.005,,,,,,,,0.1,,,,,0.0003,,,,
corl_awac,door-expert-v1,adroit,104.57,0.31,yes,,,,,,,,,,,256,,,,,,0.99,0.005,,,,,,,,0.1,,,,,0.0003,,,,
corl_awac,hammer-cloned-v1,adroit,1.27,2.11,yes,,,,,,,,,,,256,,,,,,0.99,0.005,,,,,,,,0.1,,,,,0.0003,,,,
corl_awac,hammer-expert-v1,adroit,127.08,0.13,yes,,,,,,,,,,,256,,,,,,0.99,0.005,,,,,,,,0.1,,,,,0.0003,,,,
corl_awac,halfcheetah-medium-v2,mujoco,50.02,0.27,yes,,,,,,,,,,,256,,,,,,0.99,0.005,,,,,,,,0.3333,,,,,0.0003,,,,
corl_awac,walker2d-medium-v2,mujoco,68.52,27.19,yes,,,,,,,,,,,256,,,,,,0.99,0.005,,,,,,,,0.3333,,,,,0.0003,,,,
corl_awac,halfcheetah-medium-replay-v2,mujoco,45.13,0.88,yes,,,,,,,,,,,256,,,,,,0.99,0.005,,,,,,,,0.3333,,,,,0.0003,,,,
corl_awac,hopper-medium-replay-v2,mujoco,98.88,2.07,yes,,,,,,,,,,,256,,,,,,0.99,0.005,,,,,,,,0.3333,,,,,0.0003,,,,
corl_awac,hopper-medium-expert-v2,mujoco,101.9,6.22,yes,,,,,,,,,,,256,,,,,,0.99,0.005,,,,,,,,0.3333,,,,,0.0003,,,,
corl_awac,walker2d-medium-expert-v2,mujoco,111.44,1.62,yes,,,,,,,,,,,256,,,,,,0.99,0.005,,,,,,,,0.3333,,,,,0.0003,,,,
corl_awac,antmaze-umaze-diverse-v2,antmaze,54.75,8.01,yes,,,,,,,,true,,,256,,,,,,0.99,0.005,,,,,,,,0.1,,,,,0.0003,,,,
corl_awac,antmaze-medium-diverse-v2,antmaze,0.0,0.0,yes,,,,,,,,true,,,256,,,,,,0.99,0.005,,,,,,,,0.1,,,,,0.0003,,,,
corl_awac,antmaze-large-play-v2,antmaze,0.0,0.0,yes,,,,,,,,true,,,256,,,,,,0.99,0.005,,,,,,,,0.1,,,,,0.0003,,,,
corl_awac,door-human-v1,adroit,2.39,2.26,yes,,,,,,,,,,,256,,,,,,0.99,0.005,,,,,,,,0.1,,,,,0.0003,,,,
corl_awac,door-cloned-v1,adroit,-0.01,0.01,yes,,,,,,,,,,,256,,,,,,0.99,0.005,,,,,,,,0.1,,,,,0.0003,,,,
corl_awac,hammer-human-v1,adroit,1.01,0.51,yes,,,,,,,,,,,256,,,,,,0.99,0.005,,,,,,,,0.1,,,,,0.0003,,,,
corl_awac,relocate-human-v1,adroit,0.45,0.53,yes,,,,,,,,,,,256,,,,,,0.99,0.005,,,,,,,,0.1,,,,,0.0003,,,,
corl_awac,relocate-cloned-v1,adroit,-0.01,0.03,yes,,,,,,,,,,,256,,,,,,0.99,0.005,,,,,,,,0.1,,,,,0.0003,,,,
corl_cql,hopper-medium-v2,mujoco,59.08,3.77,yes,,,,,,,true,true,1.0,0.0,256,,,,,,,,10.0,false,-1.0,false,true,3,,,3.0e-05,0.0003,,,,,1000000,,
corl_cql,halfcheetah-medium-expert-v2,mujoco,95.63,0.42,yes,,,,,,,true,false,1.0,0.0,256,,,,,,,,10.0,false,-1.0,false,true,3,,,3.0e-05,0.0003,,,,,1000000,,
corl_cql,walker2d-medium-replay-v2,mujoco,73.09,13.22,yes,,,,,,,true,false,1.0,0.0,256,,,,,,,,10.0,false,-1.0,false,true,3,,,3.0e-05,0.0003,,,,,1000000,,
corl_cql,pen-human-v1,adroit,13.71,16.98,yes,,,,,,,true,false,1.0,0.0,256,,,,,,,,1.0,false,-1.0,false,true,3,,,1.0e-04,0.0003,,,,,1000000,,
corl_cql,pen-cloned-v1,adroit,1.04,6.62,yes,,,,,,,true,false,1.0,0.0,256,,,,,,,,1.0,false,-1.0,false,true,3,,,1.0e-04,0.0003,,,,,1000000,,
corl_cql,pen-expert-v1,adroit,-1.41,2.34,yes,,,,,,,true,false,1.0,0.0,256,,,,,,,,1.0,false,-1.0,false,true,3,,,1.0e-04,0.0003,,,,,1000000,,
corl_cql,maze2d-large-v1,maze2d,23.75,36.7,yes,,,,,,,true,false,1.0,0.0,256,,,,,,,,10.0,true,5.0,false,true,3,,,3.0e-05,0.0003,,,,,1000000,,
corl_cql,antmaze-umaze-v2,antmaze,92.75,1.92,yes,,,,,,,false,true,10.0,-5.0,256,,,,,,,,5.0,true,0.8,true,true,5,,,0.0001,0.0003,,,,,1000000,,
corl_cql,antmaze-medium-play-v2,antmaze,65.75,11.61,yes,,,,,,,false,true,10.0,-5.0,256,,,,,,,,5.0,true,0.8,true,true,5,,,0.0001,0.0003,,,,,1000000,,
corl_cql,antmaze-large-diverse-v2,antmaze,20.5,13.24,yes,,,,,,,false,true,10.0,-5.0,256,,,,,,,,5.0,true,0.8,true,true,5,,,0.0001,0.0003,,,,,1000000,,
corl_cql,door-expert-v1,adroit,-0.32,0.02,yes,,,,,,,true,false,1.0,0.0,256,,,,,,,,1.0,false,-1.0,false,true,3,,,1.0e-04,0.0003,,,,,1000000,,
corl_cql,hammer-cloned-v1,adroit,0.3,0.01,yes,,,,,,,true,false,1.0,0.0,256,,,,,,,,1.0,false,-1.0,false,true,3,,,1.0e-04,0.0003,,,,,1000000,,
corl_cql,hammer-expert-v1,adroit,0.26,0.01,yes,,,,,,,true,false,1.0,0.0,256,,,,,,,,1.0,false,-1.0,false,true,3,,,1.0e-04,0.0003,,,,,1000000,,
corl_cql,halfcheetah-medium-v2,mujoco,47.04,0.22,yes,,,,,,,true,false,1.0,0.0,256,,,,,,,,10.0,false,-1.0,false,true,3,,,3.0e-05,0.0003,,,,,1000000,,
corl_cql,walker2d-medium-v2,mujoco,80.75,3.28,yes,,,,,,,true,false,1.0,0.0,256,,,,,,,,10.0,false,-1.0,false,true,3,,,3.0e-05,0.0003,,,,,1000000,,
corl_cql,halfcheetah-medium-replay-v2,mujoco,45.04,0.27,yes,,,,,,,true,false,1.0,0.0,256,,,,,,,,10.0,false,-1.0,false,true,3,,,3.0e-05,0.0003,,,,,1000000,,
corl_cql,hopper-medium-replay-v2,mujoco,95.11,5.27,yes,,,,,,,true,false,1.0,0.0,256,,,,,,,,10.0,false,-1.0,false,true,3,,,3.0e-05,0.0003,,,,,1000000,,
corl_cql,hopper-medium-expert-v2,mujoco,99.26,10.91,yes,,,,,,,true,false,1.0,0.0,256,,,,,,,,10.0,false,-1.0,false,true,3,,,3.0e-05,0.0003,,,,,1000000,,
corl_cql,walker2d-medium-expert-v2,mujoco,109.56,0.39,yes,,,,,,,true,false,1.0,0.0,256,,,,,,,,10.0,false,-1.0,false,true,3,,,3.0e-05,0.0003,,,,,1000000,,
corl_cql,antmaze-umaze-diverse-v2,antmaze,37.25,3.7,yes,,,,,,,false,true,10.0,-5.0,256,,,,,,,,5.0,true,0.8,true,true,5,,,0.0001,0.0003,,,,,1000000,,
corl_cql,antmaze-medium-diverse-v2,antmaze,67.25,3.56,yes,,,,,,,false,true,10.0,-5.0,256,,,,,,,,5.0,true,0.8,true,true,5,,,0.0001,0.0003,,,,,1000000,,
corl_cql,antmaze-large-play-v2,antmaze,20.75,7.26,yes,,,,,,,false,true,10.0,-5.0,256,,,,,,,,5.0,true,0.8,true,true,5,,,0.0001,0.0003,,,,,1000000,,
corl_cql,door-human-v1,adroit,5.53,1.31,yes,,,,,,,true,false,1.0,0.0,256,,,,,,,,1.0,false,-1.0,false,true,3,,,1.0e-04,0.0003,,,,,1000000,,
corl_cql,door-cloned-v1,adroit,-0.33,0.01,yes,,,,,,,true,false,1.0,0.0,256,,,,,,,,1.0,false,-1.0,false,true,3,,,1.0e-04,0.0003,,,,,1000000,,
corl_cql,hammer-human-v1,adroit,0.14,0.11,yes,,,,,,,true,false,1.0,0.0,256,,,,,,,,1.0,false,-1.0,false,true,3,,,1.0e-04,0.0003,,,,,1000000,,
corl_cql,relocate-human-v1,adroit,0.06,0.03,yes,,,,,,,true,false,1.0,0.0,256,,,,,,,,1.0,false,-1.0,false,true,3,,,1.0e-04,0.0003,,,,,1000000,,
corl_cql,relocate-cloned-v1,adroit,-0.29,0.01,yes,,,,,,,true,false,1.0,0.0,256,,,,,,,,1.0,false,-1.0,false,true,3,,,1.0e-04,0.0003,,,,,1000000,,
corl_iql,hopper-medium-v2,mujoco,67.53,3.78,yes,,,3.0,0.7,true,,true,true,,,256,,,,,,,0.001,,,,,,,,,,3e-4,3e-4,3e-4,,,1000000,,
corl_iql,halfcheetah-medium-expert-v2,mujoco,94.74,0.52,yes,,,3.0,0.7,false,,true,false,,,256,,,,,,,0.005,,,,,,,,,,3e-4,3e-4,3e-4,,,1000000,,
corl_iql,walker2d-medium-replay-v2,mujoco,82.15,3.03,yes,,,3.0,0.7,false,,true,false,,,256,,,,,,,0.005,,,,,,,,,,3e-4,3e-4,3e-4,,,1000000,,
corl_iql,pen-human-v1,adroit,78.49,8.21,yes,,,3.0,0.8,false,0.1,true,false,,,256,,,,,,,0.005,,,,,,,,,,3e-4,3e-4,3e-4,,,1000000,,
corl_iql,pen-cloned-v1,adroit,83.42,8.19,yes,,,3.0,0.8,false,0.1,true,false,,,256,,,,,,,0.005,,,,,,,,,,3e-4,3e-4,3e-4,,,1000000,,
corl_iql,pen-expert-v1,adroit,128.05,9.21,yes,,,3.0,0.8,false,0.1,true,false,,,256,,,,,,,0.005,,,,,,,,,,3e-4,3e-4,3e-4,,,1000000,,
corl_iql,maze2d-large-v1,maze2d,61.72,3.5,yes,,,3.0,0.7,false,,true,false,,,256,,,,,,,0.005,,,,,,,,,,3e-4,3e-4,3e-4,,,1000000,,
corl_iql,antmaze-umaze-v2,antmaze,77.0,5.52,yes,,,10.0,0.9,false,,true,true,,,256,,,,,,,0.005,,,,,,,,,,3e-4,3e-4,3e-4,,,1000000,,
corl_iql,antmaze-medium-play-v2,antmaze,65.75,11.71,yes,,,10.0,0.9,false,,true,true,,,256,,,,,,,0.005,,,,,,,,,,3e-4,3e-4,3e-4,,,1000000,,
corl_iql,antmaze-large-diverse-v2,antmaze,30.25,3.63,yes,,,10.0,0.9,false,,true,true,,,256,,,,,,,0.005,,,,,,,,,,3e-4,3e-4,3e-4,,,1000000,,
corl_iql,door-expert-v1,adroit,106.65,0.25,yes,,,3.0,0.8,false,0.1,true,false,,,256,,,,,,,0.005,,,,,,,,,,3e-4,3e-4,3e-4,,,1000000,,
corl_iql,hammer-cloned-v1,adroit,1.5,0.69,yes,,,3.0,0.8,false,0.1,true,false,,,256,,,,,,,0.005,,,,,,,,,,3e-4,3e-4,3e-4,,,1000000,,
corl_iql,hammer-expert-v1,adroit,128.68,0.33,yes,,,3.0,0.8,false,0.1,true,false,,,256,,,,,,,0.005,,,,,,,,,,3e-4,3e-4,3e-4,,,1000000,,
corl_iql,halfcheetah-medium-v2,mujoco,48.31,0.22,yes,,,3.0,0.7,false,,true,false,,,256,,,,,,,0.005,,,,,,,,,,3e-4,3e-4,3e-4,,,1000000,,
corl_iql,walker2d-medium-v2,mujoco,80.91,3.17,yes,,,3.0,0.7,false,,true,false,,,256,,,,,,,0.005,,,,,,,,,,3e-4,3e-4,3e-4,,,1000000,,
corl_iql,halfcheetah-medium-replay-v2,mujoco,44.46,0.22,yes,,,3.0,0.7,false,,true,false,,,256,,,,,,,0.005,,,,,,,,,,3e-4,3e-4,3e-4,,,1000000,,
corl_iql,hopper-medium-replay-v2,mujoco,97.43,6.39,yes,,,3.0,0.7,true,,true,true,,,256,,,,,,,0.001,,,,,,,,,,3e-4,3e-4,3e-4,,,1000000,,
corl_iql,hopper-medium-expert-v2,mujoco,107.42,7.8,yes,,,6.0,0.5,false,,true,false,,,256,,,,,,,0.005,,,,,,,,,,3e-4,3e-4,3e-4,,,1000000,,
corl_iql,walker2d-medium-expert-v2,mujoco,111.72,0.86,yes,,,3.0,0.7,false,,true,false,,,256,,,,,,,0.005,,,,,,,,,,3e-4,3e-4,3e-4,,,1000000,,
corl_iql,antmaze-umaze-diverse-v2,antmaze,54.25,5.54,yes,,,10.0,0.9,false,,true,true,,,256,,,,,,,0.005,,,,,,,,,,3e-4,3e-4,3e-4,,,1000000,,
corl_iql,antmaze-medium-diverse-v2,antmaze,73.75,5.45,yes,,,10.0,0.9,false,,true,true,,,256,,,,,,,0.005,,,,,,,,,,3e-4,3e-4,3e-4,,,1000000,,
corl_iql,antmaze-large-play-v2,antmaze,42.0,4.53,yes,,,10.0,0.9,false,,true,true,,,256,,,,,,,0.005,,,,,,,,,,3e-4,3e-4,3e-4,,,1000000,,
corl_iql,door-human-v1,adroit,3.26,1.83,yes,,,3.0,0.8,false,0.1,true,false,,,256,,,,,,,0.005,,,,,,,,,,3e-4,3e-4,3e-4,,,1000000,,
corl_iql,door-cloned-v1,adroit,3.07,1.75,yes,,,3.0,0.8,false,0.1,true,false,,,256,,,,,,,0.005,,,,,,,,,,3e-4,3e-4,3e-4,,,1000000,,
corl_iql,hammer-human-v1,adroit,1.79,0.8,yes,,,3.0,0.8,false,0.1,true,false,,,256,,,,,,,0.005,,,,,,,,,,3e-4,3e-4,3e-4,,,1000000,,
corl_iql,relocate-human-v1,adroit,0.12,0.04,yes,,,3.0,0.8,false,0.1,true,false,,,256,,,,,,,0.005,,,,,,,,,,3e-4,3e-4,3e-4,,,1000000,,
corl_iql,relocate-cloned-v1,adroit,0.04,0.01,yes,,,3.0,0.8,false,0.1,true,false,,,256,,,,,,,0.005,,,,,,,,,,3e-4,3e-4,3e-4,,,1000000,,
corl_rebrac,hopper-medium-v2,mujoco,102.29,0.17,yes,,,,,,,,false,,,1024,0.01,0.01,2,0.001,0.001,0.99,0.005,,,,,,,,,,,,,,,,1000,1000
corl_rebrac,halfcheetah-medium-expert-v2,mujoco,103.8,2.95,yes,,,,,,,,false,,,1024,0.01,0.1,2,0.001,0.001,0.99,0.005,,,,,,,,,,,,,,,,1000,1000
corl_rebrac,walker2d-medium-replay-v2,mujoco,84.25,2.25,yes,,,,,,,,false,,,1024,0.05,0.01,2,0.001,0.001,0.99,0.005,,,,,,,,,,,,,,,,1000,1000
corl_rebrac,pen-human-v1,adroit,103.16,8.49,yes,,,,,,,,false,,,256,0.1,0.5,2,0.0003,0.0003,0.99,0.005,,,,,,,,,,,,,,,,1000,1000
corl_rebrac,pen-cloned-v1,adroit,102.79,7.84,yes,,,,,,,,false,,,256,0.05,0.5,2,0.0003,0.0003,0.99,0.005,,,,,,,,,,,,,,,,1000,1000
corl_rebrac,pen-expert-v1,adroit,152.16,6.33,yes,,,,,,,,false,,,256,0.01,0.01,2,0.0003,0.0003,0.99,0.005,,,,,,,,,,,,,,,,1000,1000
corl_rebrac,maze2d-large-v1,maze2d,78.33,61.77,yes,,,,,,,,false,,,256,0.003,0.001,2,0.0003,0.0003,0.99,0.005,,,,,,,,,,,,,,,,1000,1000
corl_rebrac,antmaze-umaze-v2,antmaze,97.75,1.48,yes,,,,,,,,true,,,256,0.003,0.002,2,0.0003,0.00005,0.999,0.005,,,,,,,,,,,,,,,,1000,1000
corl_rebrac,antmaze-medium-play-v2,antmaze,89.5,3.35,yes,,,,,,,,true,,,256,0.001,0.0005,2,0.0003,0.00005,0.999,0.005,,,,,,,,,,,,,,,,1000,1000
corl_rebrac,antmaze-large-diverse-v2,antmaze,64.0,5.43,yes,,,,,,,,true,,,256,0.002,0.002,2,0.0003,0.00005,0.999,0.005,,,,,,,,,,,,,,,,1000,1000
corl_rebrac,door-expert-v1,adroit,106.37,0.29,yes,,,,,,,,false,,,256,0.05,0.01,2,0.0003,0.0003,0.99,0.005,,,,,,,,,,,,,,,,1000,1000
corl_rebrac,hammer-cloned-v1,adroit,5.0,3.75,yes,,,,,,,,false,,,256,0.1,0.5,2,0.0003,0.0003,0.99,0.005,,,,,,,,,,,,,,,,1000,1000
corl_rebrac,hammer-expert-v1,adroit,133.62,0.27,yes,,,,,,,,false,,,256,0.01,0.01,2,0.0003,0.0003,0.99,0.005,,,,,,,,,,,,,,,,1000,1000
corl_rebrac,halfcheetah-medium-v2,mujoco,64.04,0.68,yes,,,,,,,,false,,,1024,0.001,0.01,2,0.001,0.001,0.99,0.005,,,,,,,,,,,,,,,,1000,1000
corl_rebrac,walker2d-medium-v2,mujoco,85.82,0.77,yes,,,,,,,,false,,,1024,0.05,0.1,2,0.001,0.001,0.99,0.005,,,,,,,,,,,,,,,,1000,1000
corl_rebrac,halfcheetah-medium-replay-v2,mujoco,51.18,0.31,yes,,,,,,,,false,,,1024,0.01,0.001,2,0.001,0.001,0.99,0.005,,,,,,,,,,,,,,,,1000,1000
corl_rebrac,hopper-medium-replay-v2,mujoco,94.98,6.53,yes,,,,,,,,false,,,1024,0.05,0.5,2,0.001,0.001,0.99,0.005,,,,,,,,,,,,,,,,1000,1000
corl_rebrac,hopper-medium-expert-v2,mujoco,109.45,2.34,yes,,,,,,,,false,,,1024,0.1,0.01,2,0.001,0.001,0.99,0.005,,,,,,,,,,,,,,,,1000,1000
corl_rebrac,walker2d-medium-expert-v2,mujoco,111.86,0.43,yes,,,,,,,,false,,,1024,0.01,0.01,2,0.001,0.001,0.99,0.005,,,,,,,,,,,,,,,,1000,1000
corl_rebrac,antmaze-umaze-diverse-v2,antmaze,83.5,7.02,yes,,,,,,,,true,,,256,0.003,0.001,2,0.0003,0.00005,0.999,0.005,,,,,,,,,,,,,,,,1000,1000
corl_rebrac,antmaze-medium-diverse-v2,antmaze,83.5,8.2,yes,,,,,,,,true,,,256,0.001,0.0,2,0.0003,0.00005,0.999,0.005,,,,,,,,,,,,,,,,1000,1000
corl_rebrac,antmaze-large-play-v2,antmaze,52.25,29.01,yes,,,,,,,,true,,,256,0.002,0.001,2,0.0003,0.00005,0.999,0.005,,,,,,,,,,,,,,,,1000,1000
corl_rebrac,door-human-v1,adroit,-0.1,0.01,yes,,,,,,,,false,,,256,0.1,0.1,2,0.0003,0.0003,0.99,0.005,,,,,,,,,,,,,,,,1000,1000
corl_rebrac,door-cloned-v1,adroit,0.06,0.05,yes,,,,,,,,false,,,256,0.01,0.1,2,0.0003,0.0003,0.99,0.005,,,,,,,,,,,,,,,,1000,1000
corl_rebrac,hammer-human-v1,adroit,0.24,0.24,yes,,,,,,,,false,,,256,0.01,0.5,2,0.0003,0.0003,0.99,0.005,,,,,,,,,,,,,,,,1000,1000
corl_rebrac,relocate-human-v1,adroit,0.16,0.3,yes,,,,,,,,false,,,256,0.1,0.01,2,0.0003,0.0003,0.99,0.005,,,,,,,,,,,,,,,,1000,1000
corl_rebrac,relocate-cloned-v1,adroit,1.66,2.59,yes,,,,,,,,false,,,256,0.1,0.01,2,0.0003,0.0003,0.99,0.005,,,,,,,,,,,,,,,,1000,1000
corl_sac_n,hopper-medium-v2,mujoco,40.82,9.91,yes,500 # damn boi he thicc,,,,,,,false,,,256,,,,0.0003,0.0003,0.99,0.005,,,,,,,,,,,,,,,,3000,1000
corl_sac_n,halfcheetah-medium-expert-v2,mujoco,98.96,9.31,yes,10,,,,,,,false,,,256,,,,0.0003,0.0003,0.99,0.005,,,,,,,,,,,,,,,,3000,1000
corl_sac_n,walker2d-medium-replay-v2,mujoco,78.99,0.5,yes,20,,,,,,,false,,,256,,,,0.0003,0.0003,0.99,0.005,,,,,,,,,,,,,,,,3000,1000
corl_sac_n,pen-human-v1,adroit,6.86,5.93,yes,100,,,,,,,false,,,256,,,,0.0003,0.0003,0.99,0.005,,,,,,,,,,,,,,,,3000,1000
corl_sac_n,pen-cloned-v1,adroit,31.35,2.14,yes,100,,,,,,,false,,,256,,,,0.0003,0.0003,0.99,0.005,,,,,,,,,,,,,,,,3000,1000
corl_sac_n,pen-expert-v1,adroit,87.11,48.95,yes,100,,,,,,,false,,,256,,,,0.0003,0.0003,0.99,0.005,,,,,,,,,,,,,,,,3000,1000
corl_sac_n,maze2d-large-v1,maze2d,204.76,1.19,yes,25,,,,,,,false,,,256,,,,0.0003,0.0003,0.99,0.005,,,,,,,,,,,,,,,,3000,1000
corl_sac_n,antmaze-umaze-v2,antmaze,0.0,0.0,yes,25,,,,,,,false,,,256,,,,0.0003,0.0003,0.99,0.005,,,,,,,,,,,,,,,,3000,1000
corl_sac_n,antmaze-medium-play-v2,antmaze,0.0,0.0,yes,25,,,,,,,false,,,256,,,,0.0003,0.0003,0.99,0.005,,,,,,,,,,,,,,,,3000,1000
corl_sac_n,antmaze-large-diverse-v2,antmaze,0.0,0.0,yes,25,,,,,,,false,,,256,,,,0.0003,0.0003,0.99,0.005,,,,,,,,,,,,,,,,3000,1000
corl_sac_n,door-expert-v1,adroit,-0.33,0.0,yes,100,,,,,,,false,,,256,,,,0.0003,0.0003,0.99,0.005,,,,,,,,,,,,,,,,3000,1000
corl_sac_n,hammer-cloned-v1,adroit,0.14,0.09,yes,100,,,,,,,false,,,256,,,,0.0003,0.0003,0.99,0.005,,,,,,,,,,,,,,,,3000,1000
corl_sac_n,hammer-expert-v1,adroit,25.13,43.25,yes,100,,,,,,,false,,,256,,,,0.0003,0.0003,0.99,0.005,,,,,,,,,,,,,,,,3000,1000
corl_sac_n,halfcheetah-medium-v2,mujoco,68.2,1.28,yes,10,,,,,,,false,,,256,,,,0.0003,0.0003,0.99,0.005,,,,,,,,,,,,,,,,3000,1000
corl_sac_n,walker2d-medium-v2,mujoco,87.47,0.66,yes,20,,,,,,,false,,,256,,,,0.0003,0.0003,0.99,0.005,,,,,,,,,,,,,,,,3000,1000
corl_sac_n,halfcheetah-medium-replay-v2,mujoco,60.7,1.01,yes,10,,,,,,,false,,,256,,,,0.0003,0.0003,0.99,0.005,,,,,,,,,,,,,,,,3000,1000
corl_sac_n,hopper-medium-replay-v2,mujoco,100.33,0.78,yes,200,,,,,,,false,,,256,,,,0.0003,0.0003,0.99,0.005,,,,,,,,,,,,,,,,3000,1000
corl_sac_n,hopper-medium-expert-v2,mujoco,101.31,11.63,yes,200,,,,,,,false,,,256,,,,0.0003,0.0003,0.99,0.005,,,,,,,,,,,,,,,,3000,1000
corl_sac_n,walker2d-medium-expert-v2,mujoco,114.93,0.41,yes,20,,,,,,,false,,,256,,,,0.0003,0.0003,0.99,0.005,,,,,,,,,,,,,,,,3000,1000
corl_sac_n,antmaze-umaze-diverse-v2,antmaze,0.0,0.0,yes,25,,,,,,,false,,,256,,,,0.0003,0.0003,0.99,0.005,,,,,,,,,,,,,,,,3000,1000
corl_sac_n,antmaze-medium-diverse-v2,antmaze,0.0,0.0,yes,25,,,,,,,false,,,256,,,,0.0003,0.0003,0.99,0.005,,,,,,,,,,,,,,,,3000,1000
corl_sac_n,antmaze-large-play-v2,antmaze,0.0,0.0,yes,25,,,,,,,false,,,256,,,,0.0003,0.0003,0.99,0.005,,,,,,,,,,,,,,,,3000,1000
corl_sac_n,door-human-v1,adroit,-0.38,0.0,yes,100,,,,,,,false,,,256,,,,0.0003,0.0003,0.99,0.005,,,,,,,,,,,,,,,,3000,1000
corl_sac_n,door-cloned-v1,adroit,-0.33,0.0,yes,100,,,,,,,false,,,256,,,,0.0003,0.0003,0.99,0.005,,,,,,,,,,,,,,,,3000,1000
corl_sac_n,hammer-human-v1,adroit,0.24,0.0,yes,100,,,,,,,false,,,256,,,,0.0003,0.0003,0.99,0.005,,,,,,,,,,,,,,,,3000,1000
corl_sac_n,relocate-human-v1,adroit,-0.31,0.01,yes,100,,,,,,,false,,,256,,,,0.0003,0.0003,0.99,0.005,,,,,,,,,,,,,,,,3000,1000
corl_sac_n,relocate-cloned-v1,adroit,-0.01,0.1,yes,100,,,,,,,false,,,256,,,,0.0003,0.0003,0.99,0.005,,,,,,,,,,,,,,,,3000,1000
corl_edac,hopper-medium-v2,mujoco,101.7,0.28,yes,50,1.0,,,,,,false,,,256,,,,0.0003,0.0003,0.99,0.005,,,,,,,,,,,,,,,,3000,1000
corl_edac,halfcheetah-medium-expert-v2,mujoco,104.76,0.64,yes,10,5.0,,,,,,false,,,256,,,,0.0003,0.0003,0.99,0.005,,,,,,,,,,,,,,,,3000,1000
corl_edac,walker2d-medium-replay-v2,mujoco,87.1,2.78,yes,10,1.0,,,,,,false,,,256,,,,0.0003,0.0003,0.99,0.005,,,,,,,,,,,,,,,,3000,1000
corl_edac,pen-human-v1,adroit,5.07,6.16,yes,20,1000.0,,,,,,false,,,256,,,,0.0003,0.0003,0.99,0.005,,,,,,,,,,,,,,,,3000,1000
corl_edac,pen-cloned-v1,adroit,12.02,1.75,yes,20,10.0,,,,,,false,,,256,,,,0.0003,0.0003,0.99,0.005,,,,,,,,,,,,,,,,3000,1000
corl_edac,pen-expert-v1,adroit,-1.55,0.81,yes,20,10.0,,,,,,false,,,256,,,,0.0003,0.0003,0.99,0.005,,,,,,,,,,,,,,,,3000,1000
corl_edac,maze2d-large-v1,maze2d,95.6,22.92,yes,10,0.1,,,,,,false,,,256,,,,0.0003,0.0003,0.99,0.005,,,,,,,,,,,,,,,,3000,1000
corl_edac,antmaze-umaze-v2,antmaze,0.0,0.0,yes,10,1.0,,,,,,false,,,256,,,,0.0003,0.0003,0.99,0.005,,,,,,,,,,,,,,,,3000,1000
corl_edac,antmaze-medium-play-v2,antmaze,0.0,0.0,yes,10,1.0,,,,,,false,,,256,,,,0.0003,0.0003,0.99,0.005,,,,,,,,,,,,,,,,3000,1000
corl_edac,antmaze-large-diverse-v2,antmaze,0.0,0.0,yes,10,1.0,,,,,,false,,,256,,,,0.0003,0.0003,0.99,0.005,,,,,,,,,,,,,,,,3000,1000
corl_edac,door-expert-v1,adroit,106.29,1.73,yes,50,200.0,,,,,,false,,,256,,,,0.0003,0.0003,0.99,0.005,,,,,,,,,,,,,,,,3000,1000
corl_edac,hammer-cloned-v1,adroit,0.19,0.07,yes,50,200.0,,,,,,false,,,256,,,,0.0003,0.0003,0.99,0.005,,,,,,,,,,,,,,,,3000,1000
corl_edac,hammer-expert-v1,adroit,28.52,49.0,yes,50,200.0,,,,,,false,,,256,,,,0.0003,0.0003,0.99,0.005,,,,,,,,,,,,,,,,3000,1000
corl_edac,halfcheetah-medium-v2,mujoco,67.7,1.04,yes,10,1.0,,,,,,false,,,256,,,,0.0003,0.0003,0.99,0.005,,,,,,,,,,,,,,,,3000,1000
corl_edac,walker2d-medium-v2,mujoco,93.36,1.38,yes,10,1.0,,,,,,false,,,256,,,,0.0003,0.0003,0.99,0.005,,,,,,,,,,,,,,,,3000,1000
corl_edac,halfcheetah-medium-replay-v2,mujoco,62.06,1.1,yes,10,1.0,,,,,,false,,,256,,,,0.0003,0.0003,0.99,0.005,,,,,,,,,,,,,,,,3000,1000
corl_edac,hopper-medium-replay-v2,mujoco,99.66,0.81,yes,50,1.0,,,,,,false,,,256,,,,0.0003,0.0003,0.99,0.005,,,,,,,,,,,,,,,,3000,1000
corl_edac,hopper-medium-expert-v2,mujoco,105.19,10.08,yes,50,1.0,,,,,,false,,,256,,,,0.0003,0.0003,0.99,0.005,,,,,,,,,,,,,,,,3000,1000
corl_edac,walker2d-medium-expert-v2,mujoco,114.75,0.74,yes,10,5.0,,,,,,false,,,256,,,,0.0003,0.0003,0.99,0.005,,,,,,,,,,,,,,,,3000,1000
corl_edac,antmaze-umaze-diverse-v2,antmaze,0.0,0.0,yes,10,1.0,,,,,,false,,,256,,,,0.0003,0.0003,0.99,0.005,,,,,,,,,,,,,,,,3000,1000
corl_edac,antmaze-medium-diverse-v2,antmaze,0.0,0.0,yes,10,1.0,,,,,,false,,,256,,,,0.0003,0.0003,0.99,0.005,,,,,,,,,,,,,,,,3000,1000
corl_edac,antmaze-large-play-v2,antmaze,0.0,0.0,yes,10,1.0,,,,,,false,,,256,,,,0.0003,0.0003,0.99,0.005,,,,,,,,,,,,,,,,3000,1000
corl_edac,door-human-v1,adroit,-0.12,0.13,yes,50,200.0,,,,,,false,,,256,,,,0.0003,0.0003,0.99,0.005,,,,,,,,,,,,,,,,3000,1000
corl_edac,door-cloned-v1,adroit,2.66,2.31,yes,50,200.0,,,,,,false,,,256,,,,0.0003,0.0003,0.99,0.005,,,,,,,,,,,,,,,,3000,1000
corl_edac,hammer-human-v1,adroit,0.28,0.18,yes,50,200.0,,,,,,false,,,256,,,,0.0003,0.0003,0.99,0.005,,,,,,,,,,,,,,,,3000,1000
corl_edac,relocate-human-v1,adroit,-0.17,0.17,yes,50,200.0,,,,,,false,,,256,,,,0.0003,0.0003,0.99,0.005,,,,,,,,,,,,,,,,3000,1000
corl_edac,relocate-cloned-v1,adroit,0.17,0.35,yes,50,200.0,,,,,,false,,,256,,,,0.0003,0.0003,0.99,0.005,,,,,,,,,,,,,,,,3000,1000
